{
    "Planta2":{
        "Size":[1920,1080],
        "Zonas":[],
        "Walls":[[[440.02816901408454, 364.4358974358974], [437.60563380281695, 516.4358974358975], [457.5915492957747, 516.4358974358975], [457.5915492957747, 665.5128205128206], [440.02816901408454, 666.4871794871794], [443.661971830986, 860.3846153846154], [810.0704225352113, 859.8974358974358], [811.2816901408451, 780.0], [1006.2957746478874, 780.0], [1007.5070422535211, 857.4615384615385], [1393.9014084507041, 857.4615384615385], [1383.0, 695.7179487179487], [1342.4225352112676, 695.7179487179487], [1342.4225352112676, 513.5128205128206], [1358.774647887324, 513.025641025641], [1344.8450704225352, 407.79487179487177]], [[1301.8450704225352, 407.30769230769226], [1302.4507042253522, 374.1794871794872], [443.0563380281691, 374.1794871794872]], [[1297.605633802817, 371.2564102564102], [1339.394366197183, 371.2564102564102], [1346.056338028169, 412.1794871794872]], [[627.1690140845071, 666.4871794871794], [576.9014084507043, 666.4871794871794], [576.9014084507043, 513.5128205128206], [695.0, 513.5128205128206], [695.0, 666.4871794871794], [679.2535211267606, 666.4871794871794]], [[609.0, 630.9230769230769], [609.0, 514.0]], [[1137.718309859155, 666.9743589743589], [1120.7605633802818, 666.9743589743589], [1121.3661971830986, 513.025641025641], [1206.7605633802818, 513.025641025641], [1206.7605633802818, 666.9743589743589], [1190.4084507042253, 666.9743589743589]], [[612.6338028169014, 700.1025641025641], [695.0, 700.5897435897436]], [[1122.5774647887324, 701.0769230769231], [1206.7605633802818, 701.0769230769231]], [[796.1408450704225, 585.6153846153845], [796.1408450704225, 523.2564102564103], [1021.4366197183099, 523.2564102564103], [1022.0422535211268, 536.8974358974359]], [[1021.4366197183099, 576.8461538461538], [1021.4366197183099, 657.2307692307693], [796.1408450704225, 656.7435897435897], [796.1408450704225, 639.6923076923076]]]

    },
    "Planta1":{
        "Size":[1920,1080],
        "Zones": [],
        "Walls": [[[606.5774647887324, 503.28205128205127], [539.3521126760563, 503.28205128205127], [539.3521126760563, 685.0], [636.2535211267606, 685.0]], [[665.9295774647887, 685.0], [687.7323943661972, 685.0], [687.7323943661972, 503.28205128205127], [644.1267605633803, 503.28205128205127]], [[1241.887323943662, 503.28205128205127], [1209.7887323943662, 503.28205128205127], [1209.7887323943662, 634.3333333333333]], [[1214.0281690140846, 769.2820512820513], [1214.0281690140846, 805.3333333333333]], [[1212.2112676056338, 829.6923076923076], [1220.0845070422536, 830.6666666666666], [1220.0845070422536, 851.6153846153845], [1336.9718309859154, 851.6153846153845], [1336.3661971830986, 539.8205128205128], [1300.0281690140846, 539.8205128205128]], [[1300.0281690140846, 505.71794871794873], [1275.8028169014085, 503.28205128205127]], [[607.1830985915493, 501.3333333333333], [535.112676056338, 501.3333333333333], [535.112676056338, 369.79487179487177], [571.4507042253522, 369.79487179487177], [571.4507042253522, 360.05128205128204], [1179.5070422535211, 359.56410256410254], [1319.4084507042253, 386.35897435897436], [1333.3380281690143, 468.2051282051282], [1303.056338028169, 468.2051282051282], [1303.056338028169, 502.79487179487177], [1276.4084507042253, 502.79487179487177]], [[1241.887323943662, 503.28205128205127], [644.1267605633803, 503.28205128205127]], [[1146.1971830985917, 770.7435897435897], [1146.1971830985917, 795.1025641025641]], [[1067.4647887323945, 795.1025641025641], [1050.5070422535211, 803.8717948717949], [954.8169014084507, 803.3846153846154]], [[687.7323943661972, 738.1025641025641], [687.7323943661972, 633.8461538461538], [763.4366197183099, 633.8461538461538], [763.4366197183099, 768.7948717948718], [749.5070422535211, 768.7948717948718]], [[702.2676056338029, 768.7948717948718], [687.7323943661972, 768.7948717948718], [687.7323943661972, 758.5641025641025]], [[1140.1408450704225, 738.1025641025641], [1140.1408450704225, 633.8461538461538], [1215.8450704225352, 633.8461538461538], [1215.8450704225352, 768.7948717948718], [1201.9154929577464, 768.7948717948718]], [[1154.676056338028, 768.7948717948718], [1140.1408450704225, 768.7948717948718], [1140.1408450704225, 758.5641025641025]], [[1051.718309859155, 745.4102564102564], [1051.718309859155, 769.7692307692307], [764.0422535211268, 769.7692307692307]], [[1051.718309859155, 699.1282051282051], [1051.718309859155, 689.3846153846154]], [[1051.718309859155, 662.1025641025641], [1051.718309859155, 655.2820512820513], [1140.1408450704225, 655.2820512820513]], [[852.4647887323944, 760.5128205128206], [852.4647887323944, 642.6153846153845]], [[1049.9014084507044, 654.3076923076923], [1009.9295774647887, 654.3076923076923], [1009.9295774647887, 697.1794871794872], [1052.323943661972, 697.1794871794872]], [[535.112676056338, 369.79487179487177], [535.112676056338, 501.8205128205128], [539.9577464788733, 685.9743589743589], [614.4507042253522, 685.9743589743589], [614.4507042253522, 768.7948717948718], [572.0563380281691, 767.8205128205128], [572.0563380281691, 794.6153846153845], [538.1408450704225, 794.6153846153845], [538.7464788732395, 815.0769230769231], [530.8732394366198, 814.5897435897436]], [[530.8732394366198, 863.3076923076923], [595.0704225352113, 875.974358974359], [595.6760563380283, 832.1282051282051], [647.7605633802817, 837.0]], [[603.5492957746479, 816.5384615384614], [603.5492957746479, 780.9743589743589]], [[679.8591549295775, 836.5128205128206], [691.9718309859155, 836.5128205128206], [692.5774647887324, 872.0769230769231], [894.2535211267606, 872.0769230769231]], [[1009.9295774647887, 871.5897435897435], [1338.1830985915494, 871.5897435897435], [1340.0, 546.6410256410256], [1320.0140845070423, 386.8461538461538], [1177.6901408450703, 360.05128205128204], [571.4507042253522, 360.53846153846155], [535.112676056338, 369.79487179487177]]]

    },
    "Planta0":{
        "Size":[1920,1080],
        "Zones":[],
        "Walls":[]
    }

}